experiment,numero_frames,y_original_min_mm,y_original_media_mm,y_original_max_mm,y_reconstruido_min_mm,y_reconstruido_media_mm,y_reconstruido_max_mm
L1,4234,8.27,10.267636776767937,11.820564822386997,8.9131456309016,10.659663288689503,12.250667122648895
L2,3950,10.179,12.610844082146645,13.490294186704864,10.020732365181464,12.669670716713238,13.68449911735988
L3,3850,13.91889050704855,15.213764733132944,17.025679130249006,14.305385423327504,15.017101600551998,16.82986520391471
L4,3050,5.969,9.0626541858112,10.415857937301716,6.047538606485964,8.865844050089082,10.488667571172831
L5,3100,9.947,11.494322087501638,13.250271084334624,10.162268124750913,11.113597596255504,12.514653215601458
L6,2950,11.522670790392858,12.639848145737282,13.844075048851082,11.790878554043909,12.68159170039179,13.652424030528644
L7,1750,6.157883047539269,7.076931035676175,8.325959141696243,6.145004503771289,6.90777270126292,7.913351123561587
L8,1850,7.545,9.097184177689272,10.188383593678449,7.014333442457637,8.800813038265133,9.916042993141838
L9,1900,8.07,9.938184138812996,11.143769964461852,8.088548397246566,9.725098708619061,10.429970301712675
