experiment,numero_frames,original_media_mm,original_desvio_padrao_mm,original_mediana_mm,original_q25_mm,original_q75_mm,original_minimo_mm,original_maximo_mm,reconstruido_media_mm,reconstruido_desvio_padrao_mm,reconstruido_mediana_mm,reconstruido_q25_mm,reconstruido_q75_mm,reconstruido_minimo_mm,reconstruido_maximo_mm,original_iqr_mm,reconstruido_iqr_mm,original_amplitude_mm,reconstruido_amplitude_mm
L1,4234,10.267636776767937,0.8609724378920938,10.283633382287373,9.671139304500404,10.903644404960541,8.27,11.820564822386997,10.659663288689503,0.9172791235395823,10.606422626695867,10.091094392694762,11.42610298939368,8.9131456309016,12.250667122648895,1.2325051004601377,1.335008596698918,3.550564822386997,3.337521491747296
L2,3950,12.610844082146645,0.7576068303610689,12.838919226228462,12.455404590465031,13.06004037275342,10.179,13.490294186704864,12.669670716713238,0.8828817916916517,12.956008622668014,12.627022846449316,13.18813516315874,10.020732365181464,13.68449911735988,0.6046357822883888,0.5611123167094245,3.3112941867048633,3.6637667521784163
L3,3850,15.213764733132944,0.659636159167555,15.077385002004558,14.760788057320209,15.443220369412568,13.91889050704855,17.025679130249006,15.017101600551998,0.6537169538306058,14.79363940439633,14.57313327884433,15.10505716540721,14.305385423327504,16.82986520391471,0.6824323120923594,0.5319238865628808,3.1067886232004565,2.524479780587207
L4,3050,9.0626541858112,0.8429224064481478,9.095652751818157,8.533292514722673,9.88587505038077,5.969,10.415857937301716,8.865844050089082,1.0421947587809575,8.91903149561305,8.198039021146583,9.800661677971803,6.047538606485964,10.488667571172831,1.3525825356580974,1.6026226568252202,4.446857937301716,4.441128964686867
L5,3100,11.494322087501638,0.5566511778776293,11.422248403178763,11.210174082293566,11.672828744066337,9.947,13.250271084334624,11.113597596255504,0.578300760231365,11.036193997276534,10.689420581602743,11.51450541554438,10.162268124750913,12.514653215601458,0.4626546617727705,0.8250848339416361,3.303271084334625,2.352385090850545
L6,2950,12.639848145737282,0.6176581607096387,12.618887916366827,12.206387832941793,13.07513966549684,11.522670790392858,13.844075048851082,12.68159170039179,0.5416685018023071,12.696453580031248,12.347052070744091,13.078044492766104,11.790878554043909,13.652424030528644,0.8687518325550467,0.7309924220220125,2.321404258458223,1.8615454764847357
L7,1750,7.076931035676175,0.6932319064865399,6.7528442843497976,6.509436796807435,7.830173851247604,6.157883047539269,8.325959141696243,6.90777270126292,0.48289658828197285,6.719717155203136,6.5503524537207145,7.294178899820929,6.145004503771289,7.913351123561587,1.320737054440169,0.7438264461002149,2.168076094156974,1.7683466197902984
L8,1850,9.097184177689272,0.5070959511009143,9.059023299628187,8.788879257067384,9.398873870944447,7.545,10.188383593678449,8.800813038265133,0.6337437239616167,8.767916803072048,8.445468078871093,9.339737464141963,7.014333442457637,9.916042993141838,0.6099946138770633,0.8942693852708707,2.6433835936784487,2.9017095506842008
L9,1900,9.938184138812996,0.5531235971429308,9.973197879003775,9.673488573243379,10.280463662165413,8.07,11.143769964461852,9.725098708619061,0.5377828604522518,9.811848646508803,9.472115886249266,10.16219769494683,8.088548397246566,10.429970301712675,0.6069750889220344,0.6900818086975633,3.0737699644618512,2.3414219044661095
